{
    "version": "2.9.2",
    "branch": "master",
    "filetostart": "./src/updater.js",
    "filetostarturl": "https://raw.githubusercontent.com/HerrEurobeat/steam-comment-service-bot/master/src/updater.js",
    "botobjectfile": "./src/controller.js",
    "mestr": "3urobeat",
    "aboutstr": "This bot was created by 3urobeat.\nGitHub: https://github.com/HerrEurobeat/steam-comment-service-bot \nSteam: https://steamcommunity.com/id/3urobeat \nIf you like my work, any donation would be appreciated! https://paypal.me/3urobeat",
    "firststart": false,
    "compatibilityfeaturedone": false,
    "whatsnew": "Fixed cooldown calculation bug. Added file integrity checks with backups.",
    "urlrequestsecretkey": "m5ug06x4fj",
    "timesloggedin": 15,
    "totallogintime": 138.89
}